-- phpMyAdmin SQL Dump
-- version 4.7.0
-- https://www.phpmyadmin.net/
--
-- Host: 127.0.0.1
-- Generation Time: Dec 16, 2019 at 06:22 AM
-- Server version: 10.1.25-MariaDB
-- PHP Version: 7.1.7

SET SQL_MODE = "NO_AUTO_VALUE_ON_ZERO";
SET AUTOCOMMIT = 0;
START TRANSACTION;
SET time_zone = "+00:00";


/*!40101 SET @OLD_CHARACTER_SET_CLIENT=@@CHARACTER_SET_CLIENT */;
/*!40101 SET @OLD_CHARACTER_SET_RESULTS=@@CHARACTER_SET_RESULTS */;
/*!40101 SET @OLD_COLLATION_CONNECTION=@@COLLATION_CONNECTION */;
/*!40101 SET NAMES utf8mb4 */;

--
-- Database: `nuronation_laravel`
--

-- --------------------------------------------------------

--
-- Table structure for table `categories`
--

CREATE TABLE `categories` (
  `id` int(10) UNSIGNED NOT NULL,
  `name` varchar(191) COLLATE utf8mb4_unicode_ci NOT NULL,
  `created_at` timestamp NULL DEFAULT NULL,
  `updated_at` timestamp NULL DEFAULT NULL
) ENGINE=InnoDB DEFAULT CHARSET=utf8mb4 COLLATE=utf8mb4_unicode_ci;

--
-- Dumping data for table `categories`
--

INSERT INTO `categories` (`id`, `name`, `created_at`, `updated_at`) VALUES
(1, 'QjnWO96w1n', '2019-12-16 02:42:24', '2019-12-16 02:42:24'),
(2, 'YmzGSpsBaD', '2019-12-16 02:42:24', '2019-12-16 02:42:24'),
(3, 'kCVAWveULV', '2019-12-16 02:42:24', '2019-12-16 02:42:24'),
(4, 'fPt7uiTZan', '2019-12-16 02:42:24', '2019-12-16 02:42:24'),
(5, 'XA4PMjdLOD', '2019-12-16 02:42:24', '2019-12-16 02:42:24'),
(6, 'WBiGc2xVjd', '2019-12-16 02:42:24', '2019-12-16 02:42:24'),
(7, 'qEipJnTa4D', '2019-12-16 02:42:24', '2019-12-16 02:42:24'),
(8, 'ceOIlZu5dZ', '2019-12-16 02:42:24', '2019-12-16 02:42:24'),
(9, 'iLH8BDwX36', '2019-12-16 02:42:24', '2019-12-16 02:42:24'),
(10, 'Ud6O8dhWAM', '2019-12-16 02:42:24', '2019-12-16 02:42:24'),
(11, '1xb59p2odc', '2019-12-16 02:42:24', '2019-12-16 02:42:24'),
(12, 'w8avzT2Ven', '2019-12-16 02:42:24', '2019-12-16 02:42:24'),
(13, '0xESSq9P3T', '2019-12-16 02:42:24', '2019-12-16 02:42:24'),
(14, 'aONCcQ0UWA', '2019-12-16 02:42:24', '2019-12-16 02:42:24'),
(15, 'Lds5JOpI5F', '2019-12-16 02:42:24', '2019-12-16 02:42:24'),
(16, 'xdDWcNmdZ9', '2019-12-16 02:42:24', '2019-12-16 02:42:24'),
(17, 'Tb9RhVymwK', '2019-12-16 02:42:24', '2019-12-16 02:42:24'),
(18, 'K9d7u5BexK', '2019-12-16 02:42:24', '2019-12-16 02:42:24'),
(19, 'EzWXlp7M1j', '2019-12-16 02:42:24', '2019-12-16 02:42:24'),
(20, 'zCWDlkZkub', '2019-12-16 02:42:24', '2019-12-16 02:42:24'),
(21, 'mDHzHN9np6', '2019-12-16 02:42:24', '2019-12-16 02:42:24'),
(22, 'v8Jtf0LX9y', '2019-12-16 02:42:24', '2019-12-16 02:42:24'),
(23, 'Aj3oB3R34h', '2019-12-16 02:42:25', '2019-12-16 02:42:25'),
(24, 'zpeUbT0bW1', '2019-12-16 02:42:25', '2019-12-16 02:42:25'),
(25, 'rDk8Zimoc9', '2019-12-16 02:42:25', '2019-12-16 02:42:25'),
(26, 'FR0MQpGqhS', '2019-12-16 02:42:25', '2019-12-16 02:42:25'),
(27, 'ZsyN2fBk1q', '2019-12-16 02:42:25', '2019-12-16 02:42:25'),
(28, 'QjxkIjWGM4', '2019-12-16 02:42:25', '2019-12-16 02:42:25'),
(29, 'AWtLdJoVpv', '2019-12-16 02:42:25', '2019-12-16 02:42:25'),
(30, 'oqib5it2Fg', '2019-12-16 02:42:25', '2019-12-16 02:42:25'),
(31, 'nVv5eiTPvQ', '2019-12-16 02:42:25', '2019-12-16 02:42:25'),
(32, 'WdBBF156vl', '2019-12-16 02:42:25', '2019-12-16 02:42:25'),
(33, 'bQKh2aH1Q2', '2019-12-16 02:42:25', '2019-12-16 02:42:25'),
(34, 'KIKlRYYocd', '2019-12-16 02:42:25', '2019-12-16 02:42:25'),
(35, '82SWJgsxCV', '2019-12-16 02:42:25', '2019-12-16 02:42:25'),
(36, 'Sxsq1iibqd', '2019-12-16 02:42:25', '2019-12-16 02:42:25'),
(37, 'aN92xWuq5Q', '2019-12-16 02:42:25', '2019-12-16 02:42:25'),
(38, 'cN0BbRU4AK', '2019-12-16 02:42:25', '2019-12-16 02:42:25'),
(39, 'G8LjIfuarX', '2019-12-16 02:42:25', '2019-12-16 02:42:25'),
(40, 'sugsh54Lbz', '2019-12-16 02:42:25', '2019-12-16 02:42:25'),
(41, '1a14xHfx7J', '2019-12-16 02:42:25', '2019-12-16 02:42:25'),
(42, 'DpUBcccaW0', '2019-12-16 02:42:25', '2019-12-16 02:42:25'),
(43, 'C4KhyAGUkK', '2019-12-16 02:42:25', '2019-12-16 02:42:25'),
(44, 'VVJ6PQ52Vk', '2019-12-16 02:42:25', '2019-12-16 02:42:25'),
(45, 'VhPQee8MJX', '2019-12-16 02:42:25', '2019-12-16 02:42:25'),
(46, 'oYYzRhtbWQ', '2019-12-16 02:42:25', '2019-12-16 02:42:25'),
(47, 'rARAQ3NMXZ', '2019-12-16 02:42:25', '2019-12-16 02:42:25'),
(48, 'Oy58ocyiKE', '2019-12-16 02:42:25', '2019-12-16 02:42:25'),
(49, '5UHHjmsbUA', '2019-12-16 02:42:25', '2019-12-16 02:42:25'),
(50, '59a56fWGQh', '2019-12-16 02:42:25', '2019-12-16 02:42:25');

-- --------------------------------------------------------

--
-- Table structure for table `countries`
--

CREATE TABLE `countries` (
  `id` int(10) UNSIGNED NOT NULL,
  `name` varchar(191) COLLATE utf8mb4_unicode_ci NOT NULL,
  `iso` varchar(3) COLLATE utf8mb4_unicode_ci NOT NULL,
  `calling_code` varchar(3) COLLATE utf8mb4_unicode_ci NOT NULL,
  `created_at` timestamp NULL DEFAULT NULL,
  `updated_at` timestamp NULL DEFAULT NULL
) ENGINE=InnoDB DEFAULT CHARSET=utf8mb4 COLLATE=utf8mb4_unicode_ci;

--
-- Dumping data for table `countries`
--

INSERT INTO `countries` (`id`, `name`, `iso`, `calling_code`, `created_at`, `updated_at`) VALUES
(1, 'wcKy7rgnI7', 'btS', '+81', '2019-12-16 02:42:24', '2019-12-16 02:42:24'),
(2, 'U9170quxXg', 'IDo', '+85', '2019-12-16 02:42:24', '2019-12-16 02:42:24'),
(3, 'DV2FEnysDz', 'PZ0', '+10', '2019-12-16 02:42:24', '2019-12-16 02:42:24'),
(4, 'cCxnnzkrz0', 'B04', '+19', '2019-12-16 02:42:24', '2019-12-16 02:42:24'),
(5, 'evxA2UlFUE', '9JQ', '+35', '2019-12-16 02:42:24', '2019-12-16 02:42:24'),
(6, 'HTHyd83BBZ', 'unb', '+75', '2019-12-16 02:42:24', '2019-12-16 02:42:24'),
(7, 'LBgOKSyK6B', 'FFg', '+43', '2019-12-16 02:42:24', '2019-12-16 02:42:24'),
(8, '1qIIGiGFx0', 'IDh', '+96', '2019-12-16 02:42:24', '2019-12-16 02:42:24'),
(9, 'HjxCyBXnml', 'BPk', '+88', '2019-12-16 02:42:24', '2019-12-16 02:42:24'),
(10, 'olA52QzzDG', 'Qh0', '+23', '2019-12-16 02:42:24', '2019-12-16 02:42:24'),
(11, 'hdcBWOFyie', '1MH', '+76', '2019-12-16 02:42:24', '2019-12-16 02:42:24'),
(12, 'IQAJw0Rz1S', 'w5F', '+39', '2019-12-16 02:42:24', '2019-12-16 02:42:24'),
(13, 'n5NayvmU2n', 'HBH', '+16', '2019-12-16 02:42:24', '2019-12-16 02:42:24'),
(14, '4xn2o0CdZJ', 'cZ7', '+15', '2019-12-16 02:42:24', '2019-12-16 02:42:24'),
(15, 'ePthcvh5Ti', 'MuL', '+41', '2019-12-16 02:42:24', '2019-12-16 02:42:24'),
(16, 'mK0baee18U', 'U8I', '+52', '2019-12-16 02:42:24', '2019-12-16 02:42:24'),
(17, 'dIzgJXpzj8', 'Byq', '+43', '2019-12-16 02:42:24', '2019-12-16 02:42:24'),
(18, '3DFe2IgFrj', 'UOz', '+18', '2019-12-16 02:42:24', '2019-12-16 02:42:24'),
(19, 'cS1l8Cbre5', 'FY1', '+74', '2019-12-16 02:42:24', '2019-12-16 02:42:24'),
(20, '4mr3G1877L', '9dY', '+99', '2019-12-16 02:42:24', '2019-12-16 02:42:24'),
(21, 'YAFmNlzFD7', 'yAW', '+79', '2019-12-16 02:42:24', '2019-12-16 02:42:24'),
(22, 'P3M3fWwbRI', '6Dt', '+15', '2019-12-16 02:42:24', '2019-12-16 02:42:24'),
(23, 'kwr4G5Kl4g', 'aiQ', '+59', '2019-12-16 02:42:25', '2019-12-16 02:42:25'),
(24, 'COsvqPJNRm', 'mIB', '+96', '2019-12-16 02:42:25', '2019-12-16 02:42:25'),
(25, 'h8iPuq7vME', 'TXp', '+14', '2019-12-16 02:42:25', '2019-12-16 02:42:25'),
(26, 'ReJQDuav0S', 'xTa', '+87', '2019-12-16 02:42:25', '2019-12-16 02:42:25'),
(27, 'std31SIC5e', 'wAG', '+35', '2019-12-16 02:42:25', '2019-12-16 02:42:25'),
(28, '8WsF1Avml1', 'TtD', '+45', '2019-12-16 02:42:25', '2019-12-16 02:42:25'),
(29, 'x2CfcEnmmx', 'cUO', '+16', '2019-12-16 02:42:25', '2019-12-16 02:42:25'),
(30, 'SPXaLpdC4U', '0Ow', '+41', '2019-12-16 02:42:25', '2019-12-16 02:42:25'),
(31, 'MUY1w1nRjz', 'IuP', '+71', '2019-12-16 02:42:25', '2019-12-16 02:42:25'),
(32, 'CNZnnoMRLs', 'EjK', '+60', '2019-12-16 02:42:25', '2019-12-16 02:42:25'),
(33, 'kmKKn5wLpm', 'jEQ', '+94', '2019-12-16 02:42:25', '2019-12-16 02:42:25'),
(34, 'VQniVOLs8D', 'Vhq', '+91', '2019-12-16 02:42:25', '2019-12-16 02:42:25'),
(35, '7PrLAWHuLJ', 'u0B', '+21', '2019-12-16 02:42:25', '2019-12-16 02:42:25'),
(36, '4wAwyukb3q', 'DFU', '+67', '2019-12-16 02:42:25', '2019-12-16 02:42:25'),
(37, 'vy89RzKnXX', 'BfA', '+85', '2019-12-16 02:42:25', '2019-12-16 02:42:25'),
(38, 'kIGvU4QX77', 'TC5', '+76', '2019-12-16 02:42:25', '2019-12-16 02:42:25'),
(39, '38JiC4gF00', 'Pvz', '+48', '2019-12-16 02:42:25', '2019-12-16 02:42:25'),
(40, 'VSZX2Arfaz', 'KJn', '+58', '2019-12-16 02:42:25', '2019-12-16 02:42:25'),
(41, 'Z6Mm4Ts8iq', 'bQP', '+59', '2019-12-16 02:42:25', '2019-12-16 02:42:25'),
(42, 'PTF08h5elM', 'zPi', '+26', '2019-12-16 02:42:25', '2019-12-16 02:42:25'),
(43, 'sYBQOlgKIJ', 'HuU', '+58', '2019-12-16 02:42:25', '2019-12-16 02:42:25'),
(44, '7DwRjjEpsd', 'zDH', '+82', '2019-12-16 02:42:25', '2019-12-16 02:42:25'),
(45, 'CMGG11IcZg', 'KHB', '+64', '2019-12-16 02:42:25', '2019-12-16 02:42:25'),
(46, 'OJQDEwyuDM', 'r9P', '+86', '2019-12-16 02:42:25', '2019-12-16 02:42:25'),
(47, '8DFaH6WoBD', 'Q9Q', '+75', '2019-12-16 02:42:25', '2019-12-16 02:42:25'),
(48, 'npK2JkEKCu', '1Cv', '+81', '2019-12-16 02:42:25', '2019-12-16 02:42:25'),
(49, '1dVqTATyoJ', 'cCb', '+40', '2019-12-16 02:42:25', '2019-12-16 02:42:25'),
(50, 'C5Ttp7Oqtp', 'gxM', '+22', '2019-12-16 02:42:25', '2019-12-16 02:42:25');

-- --------------------------------------------------------

--
-- Table structure for table `courses`
--

CREATE TABLE `courses` (
  `id` int(10) UNSIGNED NOT NULL,
  `name` varchar(191) COLLATE utf8mb4_unicode_ci NOT NULL,
  `created_at` timestamp NULL DEFAULT NULL,
  `updated_at` timestamp NULL DEFAULT NULL
) ENGINE=InnoDB DEFAULT CHARSET=utf8mb4 COLLATE=utf8mb4_unicode_ci;

--
-- Dumping data for table `courses`
--

INSERT INTO `courses` (`id`, `name`, `created_at`, `updated_at`) VALUES
(1, 'eP5OUGYlBt0UwItreSqb', '2019-12-16 02:42:28', '2019-12-16 02:42:28'),
(2, 'OJKb9aY2zHcFGTLzlQNV', '2019-12-16 02:42:28', '2019-12-16 02:42:28'),
(3, 'Plwj4JUuq7zCY9Rr812S', '2019-12-16 02:42:28', '2019-12-16 02:42:28'),
(4, 'u37cGDtIGG9TXrBOklTH', '2019-12-16 02:42:28', '2019-12-16 02:42:28'),
(5, 'avTw6JJKv2isp4CvEf9E', '2019-12-16 02:42:28', '2019-12-16 02:42:28'),
(6, '0Y4vAvEtvhBIQGNzuTTF', '2019-12-16 02:42:28', '2019-12-16 02:42:28'),
(7, 'hZ2BCKxkuSrtsyJiFuoX', '2019-12-16 02:42:28', '2019-12-16 02:42:28'),
(8, 'bW1ljt7bNLJsbwi0aUxh', '2019-12-16 02:42:28', '2019-12-16 02:42:28'),
(9, '5NnIpUvZzC04f09PlmLH', '2019-12-16 02:42:28', '2019-12-16 02:42:28'),
(10, '7XLMUys1GdlU8cZc9Vlm', '2019-12-16 02:42:28', '2019-12-16 02:42:28'),
(11, '2bob9kahzQ2C0EqMA0MG', '2019-12-16 02:42:28', '2019-12-16 02:42:28'),
(12, 'MUS1O4fgs6gOn7BxUmsR', '2019-12-16 02:42:28', '2019-12-16 02:42:28'),
(13, 'CqUFWn4jq18RWIu8EVWP', '2019-12-16 02:42:28', '2019-12-16 02:42:28'),
(14, '0oL9y16oSQQ5iHJh1xmy', '2019-12-16 02:42:28', '2019-12-16 02:42:28'),
(15, 'VT8fdBCJMXz8tx9iPyJI', '2019-12-16 02:42:28', '2019-12-16 02:42:28'),
(16, 'dLCVdrILKQlwDztjo1TO', '2019-12-16 02:42:28', '2019-12-16 02:42:28'),
(17, 'aHdI0JQ2FWnoUUHi3GCQ', '2019-12-16 02:42:28', '2019-12-16 02:42:28'),
(18, 'WvtqqAcIYQ9dFSbTpkY3', '2019-12-16 02:42:28', '2019-12-16 02:42:28'),
(19, 'waIhmvmZwe4s3n1T0rSq', '2019-12-16 02:42:28', '2019-12-16 02:42:28'),
(20, 'DW5gXMiwmsc79tH5ekBD', '2019-12-16 02:42:28', '2019-12-16 02:42:28'),
(21, 'w6tebScSCuoMa0LE9RjT', '2019-12-16 02:42:28', '2019-12-16 02:42:28'),
(22, 'sN1IzztSjyMfh2o3UWw5', '2019-12-16 02:42:28', '2019-12-16 02:42:28'),
(23, '640MJ86g2PcVLOUuK8tF', '2019-12-16 02:42:28', '2019-12-16 02:42:28'),
(24, '6hT8svXZkHEFyehGYXaw', '2019-12-16 02:42:28', '2019-12-16 02:42:28'),
(25, 'p9zoUjg0fepcEco5gG0j', '2019-12-16 02:42:28', '2019-12-16 02:42:28'),
(26, 'bw7AZyi4zkrmlBfq7rgV', '2019-12-16 02:42:28', '2019-12-16 02:42:28'),
(27, 'CmKowxllpnZd3Ytpzczt', '2019-12-16 02:42:28', '2019-12-16 02:42:28'),
(28, 'NnAO6OeFQAL4N6aCrEyx', '2019-12-16 02:42:28', '2019-12-16 02:42:28'),
(29, 'wHyeqAfiE7Hlj4lHmYKv', '2019-12-16 02:42:28', '2019-12-16 02:42:28'),
(30, 'bAhsMIZJEvF2FAzUaf87', '2019-12-16 02:42:28', '2019-12-16 02:42:28'),
(31, 'nYiofXUnVStPcGTkQlS2', '2019-12-16 02:42:28', '2019-12-16 02:42:28'),
(32, 'rbaTV4dNwL2MEjxuiGNL', '2019-12-16 02:42:28', '2019-12-16 02:42:28'),
(33, 'e6UNTXlR9yJJGvD1jxHC', '2019-12-16 02:42:28', '2019-12-16 02:42:28'),
(34, 'cTm4t8KmPlqpy32533nS', '2019-12-16 02:42:28', '2019-12-16 02:42:28'),
(35, '9vgRvT1L22socxjdTwqr', '2019-12-16 02:42:28', '2019-12-16 02:42:28'),
(36, '5u5oXZVO40069PuNVwqa', '2019-12-16 02:42:28', '2019-12-16 02:42:28'),
(37, 'wWXQMRN3i44YaCQExlV4', '2019-12-16 02:42:28', '2019-12-16 02:42:28'),
(38, 'SBXY9elfhalMMVNeqrrL', '2019-12-16 02:42:28', '2019-12-16 02:42:28'),
(39, 'jvk2JtH0E8NdWm9NloG9', '2019-12-16 02:42:28', '2019-12-16 02:42:28'),
(40, '0rRbQ7lRdOU1IwsSJpND', '2019-12-16 02:42:28', '2019-12-16 02:42:28'),
(41, 'yLWBF9vFAt0lRptdWthN', '2019-12-16 02:42:28', '2019-12-16 02:42:28'),
(42, '4zXELK9PqdMj55biscIV', '2019-12-16 02:42:28', '2019-12-16 02:42:28'),
(43, 'oAUpddbxIHiRbUxWdF56', '2019-12-16 02:42:28', '2019-12-16 02:42:28'),
(44, '5oEiMjKrswiJ1LIDFP2m', '2019-12-16 02:42:28', '2019-12-16 02:42:28'),
(45, 'reYKUcHDcl9mIX5VyVrh', '2019-12-16 02:42:28', '2019-12-16 02:42:28'),
(46, 'dyaCXSPTSqk2914xqQka', '2019-12-16 02:42:28', '2019-12-16 02:42:28'),
(47, 'vNGbX55lQ1LR5Uvo9D7w', '2019-12-16 02:42:28', '2019-12-16 02:42:28'),
(48, '99EzQVwo2lTVd12yF6Cx', '2019-12-16 02:42:28', '2019-12-16 02:42:28'),
(49, 'YbOHiAvcrNtdJWdlINu0', '2019-12-16 02:42:28', '2019-12-16 02:42:28'),
(50, 'mGLo8sPm8gqVpvD8ldAN', '2019-12-16 02:42:28', '2019-12-16 02:42:28');

-- --------------------------------------------------------

--
-- Table structure for table `exercises`
--

CREATE TABLE `exercises` (
  `id` int(10) UNSIGNED NOT NULL,
  `name` varchar(191) COLLATE utf8mb4_unicode_ci NOT NULL,
  `points` double NOT NULL,
  `course_id` int(10) UNSIGNED NOT NULL,
  `category_id` int(10) UNSIGNED NOT NULL,
  `created_at` timestamp NULL DEFAULT NULL,
  `updated_at` timestamp NULL DEFAULT NULL
) ENGINE=InnoDB DEFAULT CHARSET=utf8mb4 COLLATE=utf8mb4_unicode_ci;

--
-- Dumping data for table `exercises`
--

INSERT INTO `exercises` (`id`, `name`, `points`, `course_id`, `category_id`, `created_at`, `updated_at`) VALUES
(1, 'aCcnI2RtUR', 94, 5, 2, '2019-12-16 02:42:28', '2019-12-16 02:42:28'),
(2, 'DuCFbTptqd', 87, 6, 4, '2019-12-16 02:42:28', '2019-12-16 02:42:28'),
(3, '4xheaVnW1F', 79, 5, 2, '2019-12-16 02:42:28', '2019-12-16 02:42:28'),
(4, 'dIYjoZsCVx', 69, 10, 9, '2019-12-16 02:42:28', '2019-12-16 02:42:28'),
(5, 'X7gKx4jjgu', 65, 5, 8, '2019-12-16 02:42:28', '2019-12-16 02:42:28'),
(6, 'YwmGElIynW', 85, 7, 8, '2019-12-16 02:42:28', '2019-12-16 02:42:28'),
(7, 'SIpfYJrRjI', 57, 2, 1, '2019-12-16 02:42:28', '2019-12-16 02:42:28'),
(8, 'QKM8057EsT', 55, 4, 6, '2019-12-16 02:42:28', '2019-12-16 02:42:28'),
(9, 'ghAkkJmOfD', 97, 7, 2, '2019-12-16 02:42:28', '2019-12-16 02:42:28'),
(10, 'FGX4tMJvJK', 96, 5, 9, '2019-12-16 02:42:28', '2019-12-16 02:42:28'),
(11, 'Jd3pbWUnUN', 80, 9, 5, '2019-12-16 02:42:28', '2019-12-16 02:42:28'),
(12, 'FOSlcZtgiT', 58, 7, 8, '2019-12-16 02:42:28', '2019-12-16 02:42:28'),
(13, '2rGW2u8ml7', 66, 7, 2, '2019-12-16 02:42:28', '2019-12-16 02:42:28'),
(14, 'u0zx5SPsWG', 63, 8, 5, '2019-12-16 02:42:28', '2019-12-16 02:42:28'),
(15, 'z8kElNrLZ7', 68, 6, 4, '2019-12-16 02:42:28', '2019-12-16 02:42:28'),
(16, 'V0ZGhI3Z56', 74, 9, 8, '2019-12-16 02:42:28', '2019-12-16 02:42:28'),
(17, 'igdg3jbaCe', 85, 4, 1, '2019-12-16 02:42:28', '2019-12-16 02:42:28'),
(18, 'KZDVfHy730', 86, 3, 9, '2019-12-16 02:42:28', '2019-12-16 02:42:28'),
(19, 'rvYvE8tB2F', 54, 8, 1, '2019-12-16 02:42:28', '2019-12-16 02:42:28'),
(20, 'KwSU5D5trX', 91, 4, 1, '2019-12-16 02:42:28', '2019-12-16 02:42:28'),
(21, 'qKlIluvh2C', 89, 9, 6, '2019-12-16 02:42:28', '2019-12-16 02:42:28'),
(22, '8AbtUdYS18', 58, 3, 5, '2019-12-16 02:42:28', '2019-12-16 02:42:28'),
(23, 'Gw1A035jgZ', 92, 3, 1, '2019-12-16 02:42:28', '2019-12-16 02:42:28'),
(24, 'Q6scK26Z72', 84, 4, 9, '2019-12-16 02:42:28', '2019-12-16 02:42:28'),
(25, '3zf3R7Urr2', 79, 9, 9, '2019-12-16 02:42:28', '2019-12-16 02:42:28'),
(26, 'iVgRuvc5HR', 80, 7, 9, '2019-12-16 02:42:28', '2019-12-16 02:42:28'),
(27, 'bDA9PZjVUU', 74, 5, 3, '2019-12-16 02:42:28', '2019-12-16 02:42:28'),
(28, 'zgSPHlr493', 84, 10, 3, '2019-12-16 02:42:28', '2019-12-16 02:42:28'),
(29, 'PTPHMxY6sy', 91, 5, 5, '2019-12-16 02:42:28', '2019-12-16 02:42:28'),
(30, 'YRjBxzdcrc', 74, 10, 9, '2019-12-16 02:42:28', '2019-12-16 02:42:28'),
(31, 'oPvoki2qxj', 84, 7, 10, '2019-12-16 02:42:28', '2019-12-16 02:42:28'),
(32, '84uB4QSZyT', 67, 4, 4, '2019-12-16 02:42:28', '2019-12-16 02:42:28'),
(33, '6tPV60GA5R', 89, 5, 10, '2019-12-16 02:42:28', '2019-12-16 02:42:28'),
(34, '0Xd2JjXaRe', 59, 8, 3, '2019-12-16 02:42:28', '2019-12-16 02:42:28'),
(35, 'vDd4Z1hrUE', 79, 7, 7, '2019-12-16 02:42:28', '2019-12-16 02:42:28'),
(36, 'G57uAlNmpm', 58, 5, 10, '2019-12-16 02:42:28', '2019-12-16 02:42:28'),
(37, 'DUmJsq5JZA', 73, 4, 10, '2019-12-16 02:42:28', '2019-12-16 02:42:28'),
(38, 't66KB8peBF', 74, 9, 2, '2019-12-16 02:42:28', '2019-12-16 02:42:28'),
(39, 'jFEG7EJqUz', 87, 9, 2, '2019-12-16 02:42:28', '2019-12-16 02:42:28'),
(40, 'pqFhgMWvgj', 84, 8, 6, '2019-12-16 02:42:28', '2019-12-16 02:42:28'),
(41, 'kJk2T0ncgc', 83, 8, 3, '2019-12-16 02:42:28', '2019-12-16 02:42:28'),
(42, 'arLGFi6Alk', 80, 2, 8, '2019-12-16 02:42:28', '2019-12-16 02:42:28'),
(43, 'LkU0dtwK8R', 67, 6, 2, '2019-12-16 02:42:28', '2019-12-16 02:42:28'),
(44, 'ZzJvvqipOn', 50, 9, 4, '2019-12-16 02:42:28', '2019-12-16 02:42:28'),
(45, '0ElaUxcxcI', 61, 8, 7, '2019-12-16 02:42:28', '2019-12-16 02:42:28'),
(46, 'mdL9QhvD4Q', 85, 3, 5, '2019-12-16 02:42:28', '2019-12-16 02:42:28'),
(47, 'pownAxgQuy', 52, 7, 3, '2019-12-16 02:42:28', '2019-12-16 02:42:28'),
(48, 'ebKfUzpdaJ', 100, 8, 5, '2019-12-16 02:42:28', '2019-12-16 02:42:28'),
(49, 'fGbpXW4jFa', 99, 8, 7, '2019-12-16 02:42:28', '2019-12-16 02:42:28'),
(50, 'bFjyeFFqie', 57, 9, 1, '2019-12-16 02:42:28', '2019-12-16 02:42:28');

-- --------------------------------------------------------

--
-- Table structure for table `migrations`
--

CREATE TABLE `migrations` (
  `id` int(10) UNSIGNED NOT NULL,
  `migration` varchar(191) COLLATE utf8mb4_unicode_ci NOT NULL,
  `batch` int(11) NOT NULL
) ENGINE=InnoDB DEFAULT CHARSET=utf8mb4 COLLATE=utf8mb4_unicode_ci;

--
-- Dumping data for table `migrations`
--

INSERT INTO `migrations` (`id`, `migration`, `batch`) VALUES
(1, '2014_10_12_000000_create_users_table', 1),
(2, '2014_10_12_100000_create_password_resets_table', 1),
(3, '2019_12_16_010214_create_courses_table', 1),
(4, '2019_12_16_010234_create_countries_table', 1),
(5, '2019_12_16_010245_create_categories_table', 1),
(6, '2019_12_16_010315_create_sessions_table', 1),
(7, '2019_12_16_010355_create_exercises_table', 1),
(8, '2019_12_16_010416_create_session_exercises_table', 1),
(9, '2019_12_16_010435_create_session_users_table', 1),
(10, '2019_12_16_010507_create_user_exercise_scores_table', 1),
(11, '2019_12_16_014821_alter_users_table', 1),
(12, '2019_12_16_015108_alter_exercises_table', 1),
(13, '2019_12_16_015135_alter_session_users_table', 1),
(14, '2019_12_16_015149_alter_session_exercises_table', 1),
(15, '2019_12_16_015228_alter_user_exercise_scores_table', 1);

-- --------------------------------------------------------

--
-- Table structure for table `password_resets`
--

CREATE TABLE `password_resets` (
  `email` varchar(191) COLLATE utf8mb4_unicode_ci NOT NULL,
  `token` varchar(191) COLLATE utf8mb4_unicode_ci NOT NULL,
  `created_at` timestamp NULL DEFAULT NULL
) ENGINE=InnoDB DEFAULT CHARSET=utf8mb4 COLLATE=utf8mb4_unicode_ci;

-- --------------------------------------------------------

--
-- Table structure for table `sessions`
--

CREATE TABLE `sessions` (
  `id` int(10) UNSIGNED NOT NULL,
  `name` varchar(191) COLLATE utf8mb4_unicode_ci NOT NULL,
  `session_date` timestamp NOT NULL DEFAULT CURRENT_TIMESTAMP ON UPDATE CURRENT_TIMESTAMP,
  `created_at` timestamp NULL DEFAULT NULL,
  `updated_at` timestamp NULL DEFAULT NULL
) ENGINE=InnoDB DEFAULT CHARSET=utf8mb4 COLLATE=utf8mb4_unicode_ci;

--
-- Dumping data for table `sessions`
--

INSERT INTO `sessions` (`id`, `name`, `session_date`, `created_at`, `updated_at`) VALUES
(1, 'xTUyG4nmvW', '2019-11-16 23:00:00', '2019-12-16 02:42:28', '2019-12-16 02:42:28'),
(2, 'OGYgpkiq1O', '2019-10-23 22:00:00', '2019-12-16 02:42:28', '2019-12-16 02:42:28'),
(3, 'bg1gfT51Zh', '2019-09-13 22:00:00', '2019-12-16 02:42:28', '2019-12-16 02:42:28'),
(4, 'PT1qNmb8Tr', '2019-09-28 22:00:00', '2019-12-16 02:42:28', '2019-12-16 02:42:28'),
(5, 'yMKj9PRykP', '2020-05-31 22:00:00', '2019-12-16 02:42:28', '2019-12-16 02:42:28'),
(6, 'kflht7A9Y3', '2019-10-30 23:00:00', '2019-12-16 02:42:28', '2019-12-16 02:42:28'),
(7, 'XQfOA2ybDe', '2020-04-13 22:00:00', '2019-12-16 02:42:28', '2019-12-16 02:42:28'),
(8, '2lMDYjpPlZ', '2020-02-27 23:00:00', '2019-12-16 02:42:28', '2019-12-16 02:42:28'),
(9, 'UfHb7ATZT7', '2019-12-15 23:00:00', '2019-12-16 02:42:28', '2019-12-16 02:42:28'),
(10, 'RXjxgMZJkP', '2019-09-15 22:00:00', '2019-12-16 02:42:28', '2019-12-16 02:42:28'),
(11, '7iebmmqqtA', '2020-04-24 22:00:00', '2019-12-16 02:42:28', '2019-12-16 02:42:28'),
(12, 'JbTNyBzwtW', '2020-04-16 22:00:00', '2019-12-16 02:42:28', '2019-12-16 02:42:28'),
(13, 'timTrJQ6AG', '2020-05-18 22:00:00', '2019-12-16 02:42:28', '2019-12-16 02:42:28'),
(14, 'zqte6O1XjD', '2020-01-25 23:00:00', '2019-12-16 02:42:28', '2019-12-16 02:42:28'),
(15, '4xRl3Caweg', '2020-04-18 22:00:00', '2019-12-16 02:42:28', '2019-12-16 02:42:28'),
(16, 'w2SMOgnJFt', '2020-03-27 23:00:00', '2019-12-16 02:42:28', '2019-12-16 02:42:28'),
(17, 'Vrlt2HVgRj', '2019-10-19 22:00:00', '2019-12-16 02:42:28', '2019-12-16 02:42:28'),
(18, 'vCJcVB9eju', '2020-02-06 23:00:00', '2019-12-16 02:42:28', '2019-12-16 02:42:28'),
(19, 'WFaAjYDRiM', '2020-01-18 23:00:00', '2019-12-16 02:42:28', '2019-12-16 02:42:28'),
(20, 'xv8sJwtSNA', '2020-05-27 22:00:00', '2019-12-16 02:42:28', '2019-12-16 02:42:28'),
(21, 'UJ6KkOrgDj', '2019-10-06 22:00:00', '2019-12-16 02:42:28', '2019-12-16 02:42:28'),
(22, '9e91EcdYW4', '2020-07-17 22:00:00', '2019-12-16 02:42:28', '2019-12-16 02:42:28'),
(23, 'YN5cwM7qpj', '2020-01-23 23:00:00', '2019-12-16 02:42:28', '2019-12-16 02:42:28'),
(24, '6zEoUiorA8', '2019-11-09 23:00:00', '2019-12-16 02:42:28', '2019-12-16 02:42:28'),
(25, 'BPOggWyqCO', '2020-03-26 23:00:00', '2019-12-16 02:42:28', '2019-12-16 02:42:28'),
(26, '5CW1YyyB0O', '2020-04-20 22:00:00', '2019-12-16 02:42:28', '2019-12-16 02:42:28'),
(27, 'RIF5DqyGU1', '2019-12-16 23:00:00', '2019-12-16 02:42:28', '2019-12-16 02:42:28'),
(28, '3bon8Otu3r', '2019-09-11 22:00:00', '2019-12-16 02:42:28', '2019-12-16 02:42:28'),
(29, 'c1ehmD3qJW', '2020-03-22 23:00:00', '2019-12-16 02:42:28', '2019-12-16 02:42:28'),
(30, 'PI5Ue1y3Qd', '2020-04-25 22:00:00', '2019-12-16 02:42:28', '2019-12-16 02:42:28'),
(31, 'QssQ1dXfev', '2019-09-17 22:00:00', '2019-12-16 02:42:28', '2019-12-16 02:42:28'),
(32, 'swYTL2QNjO', '2020-01-13 23:00:00', '2019-12-16 02:42:28', '2019-12-16 02:42:28'),
(33, 'erObCJ1YTZ', '2019-10-25 22:00:00', '2019-12-16 02:42:28', '2019-12-16 02:42:28'),
(34, 'HQ80ttOCSX', '2020-02-19 23:00:00', '2019-12-16 02:42:28', '2019-12-16 02:42:28'),
(35, 'RaY7gB6mtV', '2019-10-28 23:00:00', '2019-12-16 02:42:28', '2019-12-16 02:42:28'),
(36, 'H7iXsoMfgF', '2020-04-09 22:00:00', '2019-12-16 02:42:28', '2019-12-16 02:42:28'),
(37, '5lF9zMiiRU', '2019-10-18 22:00:00', '2019-12-16 02:42:28', '2019-12-16 02:42:28'),
(38, '7BcpOx4gGU', '2020-02-04 23:00:00', '2019-12-16 02:42:28', '2019-12-16 02:42:28'),
(39, 'RkQMqucMXU', '2019-12-29 23:00:00', '2019-12-16 02:42:28', '2019-12-16 02:42:28'),
(40, '1l5grYtnUi', '2020-03-31 22:00:00', '2019-12-16 02:42:28', '2019-12-16 02:42:28'),
(41, 'h74RaCkky7', '2019-11-16 23:00:00', '2019-12-16 02:42:28', '2019-12-16 02:42:28'),
(42, 'xprXsywFmp', '2019-11-12 23:00:00', '2019-12-16 02:42:28', '2019-12-16 02:42:28'),
(43, 'OeMf379PFT', '2020-03-09 23:00:00', '2019-12-16 02:42:28', '2019-12-16 02:42:28'),
(44, 'CeqTS0tj6A', '2020-05-16 22:00:00', '2019-12-16 02:42:28', '2019-12-16 02:42:28'),
(45, 'phhFu7yZQk', '2020-01-26 23:00:00', '2019-12-16 02:42:28', '2019-12-16 02:42:28'),
(46, '0TjwXd10rw', '2020-02-09 23:00:00', '2019-12-16 02:42:28', '2019-12-16 02:42:28'),
(47, 't600M8AKq4', '2020-02-17 23:00:00', '2019-12-16 02:42:28', '2019-12-16 02:42:28'),
(48, '6laCSV0wRe', '2020-05-27 22:00:00', '2019-12-16 02:42:28', '2019-12-16 02:42:28'),
(49, 'SXThcgzS1K', '2020-04-18 22:00:00', '2019-12-16 02:42:28', '2019-12-16 02:42:28'),
(50, '3O2XmaHgXH', '2020-01-11 23:00:00', '2019-12-16 02:42:28', '2019-12-16 02:42:28');

-- --------------------------------------------------------

--
-- Table structure for table `session_exercises`
--

CREATE TABLE `session_exercises` (
  `id` int(10) UNSIGNED NOT NULL,
  `session_id` int(10) UNSIGNED NOT NULL,
  `exercise_id` int(10) UNSIGNED NOT NULL,
  `created_at` timestamp NULL DEFAULT NULL,
  `updated_at` timestamp NULL DEFAULT NULL
) ENGINE=InnoDB DEFAULT CHARSET=utf8mb4 COLLATE=utf8mb4_unicode_ci;

--
-- Dumping data for table `session_exercises`
--

INSERT INTO `session_exercises` (`id`, `session_id`, `exercise_id`, `created_at`, `updated_at`) VALUES
(1, 38, 38, '2019-12-16 02:42:28', '2019-12-16 02:42:28'),
(2, 2, 7, '2019-12-16 02:42:29', '2019-12-16 02:42:29'),
(3, 4, 3, '2019-12-16 02:42:29', '2019-12-16 02:42:29'),
(4, 22, 15, '2019-12-16 02:42:29', '2019-12-16 02:42:29'),
(5, 43, 44, '2019-12-16 02:42:29', '2019-12-16 02:42:29'),
(6, 22, 50, '2019-12-16 02:42:29', '2019-12-16 02:42:29'),
(7, 15, 26, '2019-12-16 02:42:29', '2019-12-16 02:42:29'),
(8, 26, 25, '2019-12-16 02:42:29', '2019-12-16 02:42:29'),
(9, 9, 48, '2019-12-16 02:42:29', '2019-12-16 02:42:29'),
(10, 48, 44, '2019-12-16 02:42:29', '2019-12-16 02:42:29'),
(11, 6, 16, '2019-12-16 02:42:29', '2019-12-16 02:42:29'),
(12, 10, 1, '2019-12-16 02:42:29', '2019-12-16 02:42:29'),
(13, 4, 44, '2019-12-16 02:42:29', '2019-12-16 02:42:29'),
(14, 49, 31, '2019-12-16 02:42:29', '2019-12-16 02:42:29'),
(15, 41, 24, '2019-12-16 02:42:29', '2019-12-16 02:42:29'),
(16, 49, 4, '2019-12-16 02:42:29', '2019-12-16 02:42:29'),
(17, 16, 9, '2019-12-16 02:42:29', '2019-12-16 02:42:29'),
(18, 37, 7, '2019-12-16 02:42:29', '2019-12-16 02:42:29'),
(19, 27, 8, '2019-12-16 02:42:29', '2019-12-16 02:42:29'),
(20, 47, 22, '2019-12-16 02:42:29', '2019-12-16 02:42:29'),
(21, 31, 3, '2019-12-16 02:42:29', '2019-12-16 02:42:29'),
(22, 24, 40, '2019-12-16 02:42:29', '2019-12-16 02:42:29'),
(23, 41, 2, '2019-12-16 02:42:29', '2019-12-16 02:42:29'),
(24, 49, 15, '2019-12-16 02:42:29', '2019-12-16 02:42:29'),
(25, 3, 27, '2019-12-16 02:42:29', '2019-12-16 02:42:29'),
(26, 9, 13, '2019-12-16 02:42:29', '2019-12-16 02:42:29'),
(27, 22, 1, '2019-12-16 02:42:29', '2019-12-16 02:42:29'),
(28, 4, 17, '2019-12-16 02:42:29', '2019-12-16 02:42:29'),
(29, 20, 8, '2019-12-16 02:42:29', '2019-12-16 02:42:29'),
(30, 14, 40, '2019-12-16 02:42:29', '2019-12-16 02:42:29'),
(31, 10, 43, '2019-12-16 02:42:29', '2019-12-16 02:42:29'),
(32, 3, 43, '2019-12-16 02:42:29', '2019-12-16 02:42:29'),
(33, 40, 34, '2019-12-16 02:42:29', '2019-12-16 02:42:29'),
(34, 50, 16, '2019-12-16 02:42:29', '2019-12-16 02:42:29'),
(35, 41, 30, '2019-12-16 02:42:29', '2019-12-16 02:42:29'),
(36, 31, 35, '2019-12-16 02:42:29', '2019-12-16 02:42:29'),
(37, 49, 49, '2019-12-16 02:42:29', '2019-12-16 02:42:29'),
(38, 17, 31, '2019-12-16 02:42:29', '2019-12-16 02:42:29'),
(39, 32, 21, '2019-12-16 02:42:29', '2019-12-16 02:42:29'),
(40, 43, 5, '2019-12-16 02:42:29', '2019-12-16 02:42:29'),
(41, 41, 2, '2019-12-16 02:42:29', '2019-12-16 02:42:29'),
(42, 9, 38, '2019-12-16 02:42:29', '2019-12-16 02:42:29'),
(43, 3, 49, '2019-12-16 02:42:29', '2019-12-16 02:42:29'),
(44, 22, 16, '2019-12-16 02:42:29', '2019-12-16 02:42:29'),
(45, 24, 8, '2019-12-16 02:42:29', '2019-12-16 02:42:29'),
(46, 10, 46, '2019-12-16 02:42:29', '2019-12-16 02:42:29'),
(47, 43, 43, '2019-12-16 02:42:29', '2019-12-16 02:42:29'),
(48, 35, 27, '2019-12-16 02:42:29', '2019-12-16 02:42:29'),
(49, 5, 19, '2019-12-16 02:42:29', '2019-12-16 02:42:29'),
(50, 12, 42, '2019-12-16 02:42:29', '2019-12-16 02:42:29');

-- --------------------------------------------------------

--
-- Table structure for table `session_users`
--

CREATE TABLE `session_users` (
  `id` int(10) UNSIGNED NOT NULL,
  `user_id` int(10) UNSIGNED NOT NULL,
  `session_id` int(10) UNSIGNED NOT NULL,
  `is_attempted` tinyint(4) NOT NULL,
  `created_at` timestamp NULL DEFAULT NULL,
  `updated_at` timestamp NULL DEFAULT NULL
) ENGINE=InnoDB DEFAULT CHARSET=utf8mb4 COLLATE=utf8mb4_unicode_ci;

--
-- Dumping data for table `session_users`
--

INSERT INTO `session_users` (`id`, `user_id`, `session_id`, `is_attempted`, `created_at`, `updated_at`) VALUES
(1, 13, 10, 0, '2019-12-16 02:42:29', '2019-12-16 02:42:29'),
(2, 27, 21, 1, '2019-12-16 02:42:29', '2019-12-16 02:42:29'),
(3, 38, 2, 0, '2019-12-16 02:42:29', '2019-12-16 02:42:29'),
(4, 40, 12, 1, '2019-12-16 02:42:29', '2019-12-16 02:42:29'),
(5, 14, 34, 1, '2019-12-16 02:42:29', '2019-12-16 02:42:29'),
(6, 14, 20, 1, '2019-12-16 02:42:29', '2019-12-16 02:42:29'),
(7, 28, 44, 1, '2019-12-16 02:42:29', '2019-12-16 02:42:29'),
(8, 24, 39, 1, '2019-12-16 02:42:29', '2019-12-16 02:42:29'),
(9, 40, 20, 1, '2019-12-16 02:42:29', '2019-12-16 02:42:29'),
(10, 1, 15, 1, '2019-12-16 02:42:29', '2019-12-16 02:42:29'),
(11, 16, 11, 0, '2019-12-16 02:42:29', '2019-12-16 02:42:29'),
(12, 47, 24, 1, '2019-12-16 02:42:29', '2019-12-16 02:42:29'),
(13, 45, 35, 0, '2019-12-16 02:42:29', '2019-12-16 02:42:29'),
(14, 31, 18, 1, '2019-12-16 02:42:29', '2019-12-16 02:42:29'),
(15, 47, 39, 0, '2019-12-16 02:42:29', '2019-12-16 02:42:29'),
(16, 7, 17, 0, '2019-12-16 02:42:29', '2019-12-16 02:42:29'),
(17, 28, 31, 0, '2019-12-16 02:42:29', '2019-12-16 02:42:29'),
(18, 9, 18, 0, '2019-12-16 02:42:29', '2019-12-16 02:42:29'),
(19, 14, 50, 1, '2019-12-16 02:42:29', '2019-12-16 02:42:29'),
(20, 47, 25, 0, '2019-12-16 02:42:29', '2019-12-16 02:42:29'),
(21, 15, 31, 1, '2019-12-16 02:42:29', '2019-12-16 02:42:29'),
(22, 37, 23, 1, '2019-12-16 02:42:29', '2019-12-16 02:42:29'),
(23, 18, 10, 1, '2019-12-16 02:42:29', '2019-12-16 02:42:29'),
(24, 43, 16, 0, '2019-12-16 02:42:29', '2019-12-16 02:42:29'),
(25, 18, 1, 0, '2019-12-16 02:42:29', '2019-12-16 02:42:29'),
(26, 20, 34, 0, '2019-12-16 02:42:29', '2019-12-16 02:42:29'),
(27, 42, 24, 0, '2019-12-16 02:42:29', '2019-12-16 02:42:29'),
(28, 26, 41, 1, '2019-12-16 02:42:29', '2019-12-16 02:42:29'),
(29, 27, 45, 0, '2019-12-16 02:42:29', '2019-12-16 02:42:29'),
(30, 45, 28, 1, '2019-12-16 02:42:29', '2019-12-16 02:42:29'),
(31, 12, 41, 1, '2019-12-16 02:42:29', '2019-12-16 02:42:29'),
(32, 2, 23, 0, '2019-12-16 02:42:29', '2019-12-16 02:42:29'),
(33, 47, 4, 0, '2019-12-16 02:42:29', '2019-12-16 02:42:29'),
(34, 17, 40, 0, '2019-12-16 02:42:29', '2019-12-16 02:42:29'),
(35, 48, 31, 0, '2019-12-16 02:42:29', '2019-12-16 02:42:29'),
(36, 5, 32, 1, '2019-12-16 02:42:29', '2019-12-16 02:42:29'),
(37, 24, 14, 0, '2019-12-16 02:42:29', '2019-12-16 02:42:29'),
(38, 25, 42, 1, '2019-12-16 02:42:29', '2019-12-16 02:42:29'),
(39, 50, 39, 0, '2019-12-16 02:42:29', '2019-12-16 02:42:29'),
(40, 1, 15, 0, '2019-12-16 02:42:29', '2019-12-16 02:42:29'),
(41, 11, 46, 1, '2019-12-16 02:42:29', '2019-12-16 02:42:29'),
(42, 44, 1, 0, '2019-12-16 02:42:29', '2019-12-16 02:42:29'),
(43, 6, 35, 0, '2019-12-16 02:42:29', '2019-12-16 02:42:29'),
(44, 29, 35, 1, '2019-12-16 02:42:29', '2019-12-16 02:42:29'),
(45, 46, 39, 0, '2019-12-16 02:42:29', '2019-12-16 02:42:29'),
(46, 46, 20, 1, '2019-12-16 02:42:29', '2019-12-16 02:42:29'),
(47, 50, 41, 1, '2019-12-16 02:42:29', '2019-12-16 02:42:29'),
(48, 46, 20, 0, '2019-12-16 02:42:29', '2019-12-16 02:42:29'),
(49, 41, 8, 1, '2019-12-16 02:42:29', '2019-12-16 02:42:29'),
(50, 43, 43, 1, '2019-12-16 02:42:29', '2019-12-16 02:42:29');

-- --------------------------------------------------------

--
-- Table structure for table `users`
--

CREATE TABLE `users` (
  `id` int(10) UNSIGNED NOT NULL,
  `name` varchar(191) COLLATE utf8mb4_unicode_ci NOT NULL,
  `email` varchar(191) COLLATE utf8mb4_unicode_ci NOT NULL,
  `email_verified_at` timestamp NULL DEFAULT NULL,
  `password` varchar(191) COLLATE utf8mb4_unicode_ci NOT NULL,
  `country_id` int(10) UNSIGNED NOT NULL,
  `remember_token` varchar(100) COLLATE utf8mb4_unicode_ci DEFAULT NULL,
  `created_at` timestamp NULL DEFAULT NULL,
  `updated_at` timestamp NULL DEFAULT NULL
) ENGINE=InnoDB DEFAULT CHARSET=utf8mb4 COLLATE=utf8mb4_unicode_ci;

--
-- Dumping data for table `users`
--

INSERT INTO `users` (`id`, `name`, `email`, `email_verified_at`, `password`, `country_id`, `remember_token`, `created_at`, `updated_at`) VALUES
(1, 'RegDDl3DOC', 'iybwcfLvQ2@gmail.com', NULL, '$2y$10$MZXCSyi2tN.5fJCnEiM6mubyQ0V/ab8Vj/0wyTsUf7FU0Kuc553JK', 2, NULL, '2019-12-16 02:42:25', '2019-12-16 02:42:25'),
(2, 'dQj7BKfgpH', '5lPTnHuBhc@gmail.com', NULL, '$2y$10$Vdop07OghjE4STEy1Y9sgOg3EYzO0M0RDhGmjZYeJL0yWuzerwXAa', 8, NULL, '2019-12-16 02:42:25', '2019-12-16 02:42:25'),
(3, 'g86RDa6yRn', 'A5jv05nLd9@gmail.com', NULL, '$2y$10$TR.GqsDdBJqAesNf/EMVaORjqtv8oQCCUx6PiBpv4vIHPA2p6KkXa', 9, NULL, '2019-12-16 02:42:25', '2019-12-16 02:42:25'),
(4, 'kW3HGpCyLr', 'VnuDFlALLK@gmail.com', NULL, '$2y$10$lY5zAJem587aMYmA2pQ1NuF3p7XUcD70bbZFtR5ni9VCAsiL./Ndq', 3, NULL, '2019-12-16 02:42:25', '2019-12-16 02:42:25'),
(5, 'X38ga8LHkz', 'VGAD08WqPh@gmail.com', NULL, '$2y$10$KwITEmhEJIYrsgnTKWNzV..hoiekSIg4851T8Pik6neU.7P8n2/Au', 8, NULL, '2019-12-16 02:42:25', '2019-12-16 02:42:25'),
(6, 'kQZQBV0H3B', 'M2oktdQYhh@gmail.com', NULL, '$2y$10$4dwhga21/WPakvFiBVrLLeSV07s.Z.SP6VcVbThJbVsKGY7e6JQhO', 7, NULL, '2019-12-16 02:42:25', '2019-12-16 02:42:25'),
(7, 'PwFZEs1Jjb', 'gmEj7mevdw@gmail.com', NULL, '$2y$10$WBPRvQLRl7NQUzlAU/YYIebJ8EXmIL/JlXlFD.KqWZCzXrU2DvAuq', 7, NULL, '2019-12-16 02:42:25', '2019-12-16 02:42:25'),
(8, 'Dr14fNaNhY', '0LuvGqy1qy@gmail.com', NULL, '$2y$10$3D8sNisH5ow6oXJETd8Mje7/94t4yA6akHWulIYnn9GVvzcWtIIfO', 4, NULL, '2019-12-16 02:42:25', '2019-12-16 02:42:25'),
(9, 'appjJglGHg', 'PlVmfoKoOg@gmail.com', NULL, '$2y$10$zeXU6S2lBGidMF4Zuyvquu6EWPG/etA894CmtuyObUJObFP2t3Sh6', 9, NULL, '2019-12-16 02:42:25', '2019-12-16 02:42:25'),
(10, '3QntmQ7vBW', 'sDb2CyimeA@gmail.com', NULL, '$2y$10$NYBN/V2F4e9.uCioJ4KAeOGXiM4mWfHP1R/0MliWRpm0KJp0vNL.q', 10, NULL, '2019-12-16 02:42:25', '2019-12-16 02:42:25'),
(11, 'dcfo1hpdY6', 'DN5WKTKaCT@gmail.com', NULL, '$2y$10$2RIwGr1V.dc5UlnuqBjSWORD/hf5RaUQi27UWgTSj32xrtYABGNeS', 9, NULL, '2019-12-16 02:42:25', '2019-12-16 02:42:25'),
(12, 'eFbo3BAIqZ', 'qvzXTjnZ2X@gmail.com', NULL, '$2y$10$J8g8tLwgCNx57fNCTilI/u9kzDDsDhExDItSiirWFnSZPNXyGfpzO', 4, NULL, '2019-12-16 02:42:26', '2019-12-16 02:42:26'),
(13, '3UttPK5GqU', 'b0vsRBr003@gmail.com', NULL, '$2y$10$dG10UxhZOpCLEOM5yTxeTuD/sHMbaJnPqn2cTsrQf3CkX5fJF2lrW', 7, NULL, '2019-12-16 02:42:26', '2019-12-16 02:42:26'),
(14, 'sjPcSIfK2P', '2TVqhkDBZp@gmail.com', NULL, '$2y$10$rXMnSPao8jks.jxXUIv/ieK6cFTQ/wFa83FyBD1Ytq2XXomv42lc6', 10, NULL, '2019-12-16 02:42:26', '2019-12-16 02:42:26'),
(15, 'vpWhpWHccO', 'rVoV4UPyFq@gmail.com', NULL, '$2y$10$pp0cVwyEf8zuI.KQ/kh0xOepjYl0AwJcGy9Vrlg/rhq8XcRVq7f3S', 6, NULL, '2019-12-16 02:42:26', '2019-12-16 02:42:26'),
(16, 'ACdGMVn9Y2', 'jiVsI8SyUX@gmail.com', NULL, '$2y$10$bGT.xsdEwBDRYIrpIHR2gu825aJ4ioiPONzbYq.444EETAs.wresa', 8, NULL, '2019-12-16 02:42:26', '2019-12-16 02:42:26'),
(17, '1ZtHUg0Nfd', 'apjytGfNFi@gmail.com', NULL, '$2y$10$SzpETEJ6eiGopSExauhYyeqz9DRuRQveYAomh2bINGvhmbWmDJtfu', 1, NULL, '2019-12-16 02:42:26', '2019-12-16 02:42:26'),
(18, 'Dz5Wi1c1CA', 'fy6rblBYTe@gmail.com', NULL, '$2y$10$aEQWnDMqA2CeC2MpNccuwe6qt8Nvxg/urWy.TPVjzHiO2ymfh3AO2', 8, NULL, '2019-12-16 02:42:26', '2019-12-16 02:42:26'),
(19, 'ASV2d8hhR5', 'bjaZNj6O3j@gmail.com', NULL, '$2y$10$KvtvRhPPM3i0C7LNuYhlSetOlxtN/JuPr4Hp5dmwZVww.foGx9RYK', 10, NULL, '2019-12-16 02:42:26', '2019-12-16 02:42:26'),
(20, 'z1AxBBFWTa', 'znVccn0zsh@gmail.com', NULL, '$2y$10$52BqN0Yc7TSc9dMEDcV5W.mTFQxLpyIBx8Uolj5uBa3dTajxUhVnS', 6, NULL, '2019-12-16 02:42:26', '2019-12-16 02:42:26'),
(21, 'L6JQAisOGH', 'DZw8CL81bq@gmail.com', NULL, '$2y$10$WrkW4VidOZyw3Zq56D0YPuEJ4sSi1KMI9Z/veiU7i8wLzQD19sNfC', 3, NULL, '2019-12-16 02:42:26', '2019-12-16 02:42:26'),
(22, 'Bz6Iqkqno0', 'dWdDQigLcz@gmail.com', NULL, '$2y$10$855VDLngZo6C4AWfmUi5zed7LjyC8REDzFg8Xl6l8cvXQalehKYJa', 3, NULL, '2019-12-16 02:42:26', '2019-12-16 02:42:26'),
(23, '4iUEfJRNtr', 'ISGzaQgN2H@gmail.com', NULL, '$2y$10$0p0QhQ/BDTjKvP9JXePfBe4DCQF1.Ym27YJC4dxAAzFX0hFZjMkIS', 6, NULL, '2019-12-16 02:42:26', '2019-12-16 02:42:26'),
(24, 'RVpD3igPTT', 'jp7XiTelSZ@gmail.com', NULL, '$2y$10$rvGQieYP0hZpD6KHlITvW.ZGCtu7C5KMvNmewdtW6WmlJtNcsBEOa', 8, NULL, '2019-12-16 02:42:26', '2019-12-16 02:42:26'),
(25, 'fLMT9U9WIe', '8MYApxikqV@gmail.com', NULL, '$2y$10$Ics2/KqGdaTPqsfGQHAX1.jsTvaa757bIUeXPPxm5RFuuTmQKTx9W', 5, NULL, '2019-12-16 02:42:26', '2019-12-16 02:42:26'),
(26, 'JcWpN4gith', 'su3Oy7F9dx@gmail.com', NULL, '$2y$10$WYruugDECZhGc2BYMsR/gOercc1YBvM.Xs23JIPIthSB4HSdUymCm', 6, NULL, '2019-12-16 02:42:26', '2019-12-16 02:42:26'),
(27, 'i80tJxDXIc', 'UhXeP1HSlQ@gmail.com', NULL, '$2y$10$A3oE5nOnhJexfb.hcDa07O95QgKpYru75KRV1z8jQ/KjIdJBVMG0.', 2, NULL, '2019-12-16 02:42:27', '2019-12-16 02:42:27'),
(28, 'IBk03sjMFy', 'a1j5pMpoFt@gmail.com', NULL, '$2y$10$.8UXc0.vAq8VDn9yUuh2i.c0DvWgBgzU6ftcN.YCX4SIAPJMlLkJy', 5, NULL, '2019-12-16 02:42:27', '2019-12-16 02:42:27'),
(29, 'AMAD8KQNGA', 'WSW4Uz76QA@gmail.com', NULL, '$2y$10$BXYu8DduRMenSnYGNeMKD.LlicJNq741/JaDgYRLmlPMTf89e7.LW', 4, NULL, '2019-12-16 02:42:27', '2019-12-16 02:42:27'),
(30, '1KE7SdeKqG', 'cWGiTGWTi3@gmail.com', NULL, '$2y$10$eZlLR9y04.TveRpuOZ0uBeKx6WwdOCmktxjGi6DChRNbsy6..LxxS', 9, NULL, '2019-12-16 02:42:27', '2019-12-16 02:42:27'),
(31, '0mDRmMppyx', 'O3hb0Uxv67@gmail.com', NULL, '$2y$10$08jc9QZ6XQO/HMf3Nxwr/OLvTsTmIz/rq.79Y4bH6DxuEET2db2nW', 7, NULL, '2019-12-16 02:42:27', '2019-12-16 02:42:27'),
(32, '8iJ5BXjsIJ', 'oim7h7gzBB@gmail.com', NULL, '$2y$10$Z52YqLGTpGyDdrZVStCVY.sjkBj2ko3wGnm1YXiH8F0dGyI0tQ33q', 5, NULL, '2019-12-16 02:42:27', '2019-12-16 02:42:27'),
(33, 'DQPKTvsI9s', 'rp1NNK5qvT@gmail.com', NULL, '$2y$10$rTSJ7OhEzBC.q190kEZQW.znLudZ34ChC4YCGJuBciaylNFTBKpfq', 5, NULL, '2019-12-16 02:42:27', '2019-12-16 02:42:27'),
(34, 'ykWuVbjTLI', 'UPGGRvNfTt@gmail.com', NULL, '$2y$10$JNHXVE7aWVVOVmF8GDE69ethXr5YsaikkxRjNeVH2yfkcoXnCAKGS', 8, NULL, '2019-12-16 02:42:27', '2019-12-16 02:42:27'),
(35, 'K8qQMwsyN8', 'Ye3pZgifGX@gmail.com', NULL, '$2y$10$nmnccNfnKCTBxz3H2h4GdOYv5jLRJ48JsFCxEKmycBBTvTd.HFehS', 4, NULL, '2019-12-16 02:42:27', '2019-12-16 02:42:27'),
(36, 'geLEpWwssv', 'i27enKLoQ4@gmail.com', NULL, '$2y$10$bKFSJGFYX4LMr9SWJAxPUe/SHPrDi4CWWPoecXvB4T3m3rK8aD5Hy', 10, NULL, '2019-12-16 02:42:27', '2019-12-16 02:42:27'),
(37, 'JW9emf7x1G', 'X6DrR4dFsF@gmail.com', NULL, '$2y$10$2MxxweXwCCIxRWvwjSoEQ.vDUyGR5cxxqEESiZ1CsZSaTzpXib2.2', 6, NULL, '2019-12-16 02:42:27', '2019-12-16 02:42:27'),
(38, 'FHiQIsI9QN', 'G4MgSifK9R@gmail.com', NULL, '$2y$10$xhhWfphWRRK5RzRBhSI6WeP2YYIF3sbMLj4rF02UefbgDvG2J8Tj6', 10, NULL, '2019-12-16 02:42:27', '2019-12-16 02:42:27'),
(39, 'vgvvoqBghX', '3Qun68nZ9M@gmail.com', NULL, '$2y$10$Sxub.PC11GrXTknrvwe7JOeH5IE8faH5B0o.7TlOo6sae.BA7FCAG', 9, NULL, '2019-12-16 02:42:27', '2019-12-16 02:42:27'),
(40, 'vhHz6qqSDX', 'va1o3vfyCl@gmail.com', NULL, '$2y$10$VG/mxKeZyQTx/EeQ8G0z2uyB2BVRiTn35H0gJNw05oBsotXHESK1i', 7, NULL, '2019-12-16 02:42:27', '2019-12-16 02:42:27'),
(41, 'A0UQTh1yKY', 'Xs4vIOuVKw@gmail.com', NULL, '$2y$10$W.mojgW/LqkoroZnDtoQ7.PJslq7wEAbe.MYHj7uw9YQy3DQSsgD6', 3, NULL, '2019-12-16 02:42:27', '2019-12-16 02:42:27'),
(42, 'GNwepzF3B1', 'lawIPkS4mk@gmail.com', NULL, '$2y$10$/2BPfQT0UNZNJKFIa9OD2u5QtQbKJPH5mQmU6ViPGv0gKWOWjL1XS', 5, NULL, '2019-12-16 02:42:28', '2019-12-16 02:42:28'),
(43, 'onnjI6XcXE', 'sl6VlFhKzQ@gmail.com', NULL, '$2y$10$fagd98AJS54ZcG7.K69TbOMM6pxRQ4jJCBTTJwKAJyY5biN7ReBM6', 4, NULL, '2019-12-16 02:42:28', '2019-12-16 02:42:28'),
(44, 'N4OKHfA3cS', 'NGi7gm7nOw@gmail.com', NULL, '$2y$10$SKk6GAlhCLBGDJ.YySms1.nYVaXY/mqBjXxGM66jZymB3W.fAgGze', 5, NULL, '2019-12-16 02:42:28', '2019-12-16 02:42:28'),
(45, 'foSCXKCJ8W', 'idFqqm5wgq@gmail.com', NULL, '$2y$10$txWxMsCXHfcWqM0kjWUITuQ6xnNeW8zCm0AgTK.odSGxk9grxaw4e', 1, NULL, '2019-12-16 02:42:28', '2019-12-16 02:42:28'),
(46, 'l6lQmXbvin', 'MK9TKmwjOL@gmail.com', NULL, '$2y$10$CL.NUKbEKqN0X9CFBAXQv.B/aTIfqpV8Fpt5uUneTcwa.5FgTVr3S', 3, NULL, '2019-12-16 02:42:28', '2019-12-16 02:42:28'),
(47, 'U8ZhS00Iyr', 'cPFSnxkInJ@gmail.com', NULL, '$2y$10$a8BXapw8jcP8ZmMrYlQJPut0HI1q2KtHsiU1MYOtX.mctUB0YFNlW', 5, NULL, '2019-12-16 02:42:28', '2019-12-16 02:42:28'),
(48, 'lj3tlsOJfj', 'ygSGGp9cA2@gmail.com', NULL, '$2y$10$WPUH9aJwjVSxU3jypZ8NqewRig04AqyecqscaFsfNt.FghPZ2WAay', 8, NULL, '2019-12-16 02:42:28', '2019-12-16 02:42:28'),
(49, 'TSgwu4jU0T', 'UrSyDC4wYl@gmail.com', NULL, '$2y$10$kVvAIm432ewiWu8OX5D/ZuADTGhvljTeJy26wf.AvnUhbZTkEO8Ke', 3, NULL, '2019-12-16 02:42:28', '2019-12-16 02:42:28'),
(50, 'FYAi1j5PzO', 'eOHVh25PvM@gmail.com', NULL, '$2y$10$Nori18qG0HclLRPbHgdN3eP0zW1Em2dEKIqrnznrCRy8rKjs6nBF6', 10, NULL, '2019-12-16 02:42:28', '2019-12-16 02:42:28');

-- --------------------------------------------------------

--
-- Table structure for table `user_exercise_scores`
--

CREATE TABLE `user_exercise_scores` (
  `id` int(10) UNSIGNED NOT NULL,
  `user_id` int(10) UNSIGNED NOT NULL,
  `session_id` int(10) UNSIGNED NOT NULL,
  `exercise_id` int(10) UNSIGNED NOT NULL,
  `score` double NOT NULL DEFAULT '0',
  `created_at` timestamp NULL DEFAULT NULL,
  `updated_at` timestamp NULL DEFAULT NULL
) ENGINE=InnoDB DEFAULT CHARSET=utf8mb4 COLLATE=utf8mb4_unicode_ci;

--
-- Dumping data for table `user_exercise_scores`
--

INSERT INTO `user_exercise_scores` (`id`, `user_id`, `session_id`, `exercise_id`, `score`, `created_at`, `updated_at`) VALUES
(1, 42, 46, 3, 91, '2019-12-16 02:42:29', '2019-12-16 02:42:29'),
(2, 38, 13, 5, 78, '2019-12-16 02:42:29', '2019-12-16 02:42:29'),
(3, 42, 27, 20, 76, '2019-12-16 02:42:29', '2019-12-16 02:42:29'),
(4, 21, 22, 14, 79, '2019-12-16 02:42:29', '2019-12-16 02:42:29'),
(5, 10, 7, 4, 91, '2019-12-16 02:42:29', '2019-12-16 02:42:29'),
(6, 43, 3, 7, 92, '2019-12-16 02:42:29', '2019-12-16 02:42:29'),
(7, 43, 34, 42, 81, '2019-12-16 02:42:29', '2019-12-16 02:42:29'),
(8, 30, 30, 2, 73, '2019-12-16 02:42:29', '2019-12-16 02:42:29'),
(9, 28, 30, 28, 83, '2019-12-16 02:42:29', '2019-12-16 02:42:29'),
(10, 16, 14, 45, 92, '2019-12-16 02:42:29', '2019-12-16 02:42:29'),
(11, 46, 25, 17, 94, '2019-12-16 02:42:29', '2019-12-16 02:42:29'),
(12, 6, 22, 46, 79, '2019-12-16 02:42:29', '2019-12-16 02:42:29'),
(13, 32, 20, 1, 62, '2019-12-16 02:42:29', '2019-12-16 02:42:29'),
(14, 14, 37, 30, 93, '2019-12-16 02:42:29', '2019-12-16 02:42:29'),
(15, 47, 24, 49, 50, '2019-12-16 02:42:29', '2019-12-16 02:42:29'),
(16, 48, 49, 25, 58, '2019-12-16 02:42:29', '2019-12-16 02:42:29'),
(17, 21, 10, 6, 86, '2019-12-16 02:42:29', '2019-12-16 02:42:29'),
(18, 21, 46, 32, 94, '2019-12-16 02:42:29', '2019-12-16 02:42:29'),
(19, 20, 13, 29, 87, '2019-12-16 02:42:29', '2019-12-16 02:42:29'),
(20, 1, 43, 12, 81, '2019-12-16 02:42:29', '2019-12-16 02:42:29'),
(21, 26, 11, 10, 66, '2019-12-16 02:42:29', '2019-12-16 02:42:29'),
(22, 31, 49, 12, 61, '2019-12-16 02:42:29', '2019-12-16 02:42:29'),
(23, 12, 25, 19, 95, '2019-12-16 02:42:29', '2019-12-16 02:42:29'),
(24, 12, 39, 8, 50, '2019-12-16 02:42:29', '2019-12-16 02:42:29'),
(25, 46, 45, 13, 57, '2019-12-16 02:42:29', '2019-12-16 02:42:29'),
(26, 22, 20, 12, 70, '2019-12-16 02:42:29', '2019-12-16 02:42:29'),
(27, 19, 10, 36, 71, '2019-12-16 02:42:29', '2019-12-16 02:42:29'),
(28, 50, 19, 9, 97, '2019-12-16 02:42:29', '2019-12-16 02:42:29'),
(29, 5, 12, 44, 77, '2019-12-16 02:42:29', '2019-12-16 02:42:29'),
(30, 10, 9, 32, 80, '2019-12-16 02:42:29', '2019-12-16 02:42:29'),
(31, 15, 21, 6, 55, '2019-12-16 02:42:29', '2019-12-16 02:42:29'),
(32, 40, 1, 49, 77, '2019-12-16 02:42:29', '2019-12-16 02:42:29'),
(33, 35, 31, 42, 78, '2019-12-16 02:42:29', '2019-12-16 02:42:29'),
(34, 4, 19, 47, 95, '2019-12-16 02:42:29', '2019-12-16 02:42:29'),
(35, 9, 2, 15, 79, '2019-12-16 02:42:29', '2019-12-16 02:42:29'),
(36, 24, 50, 15, 89, '2019-12-16 02:42:29', '2019-12-16 02:42:29'),
(37, 28, 5, 29, 79, '2019-12-16 02:42:29', '2019-12-16 02:42:29'),
(38, 48, 9, 41, 81, '2019-12-16 02:42:29', '2019-12-16 02:42:29'),
(39, 33, 36, 4, 86, '2019-12-16 02:42:29', '2019-12-16 02:42:29'),
(40, 2, 15, 33, 77, '2019-12-16 02:42:29', '2019-12-16 02:42:29'),
(41, 30, 32, 8, 62, '2019-12-16 02:42:29', '2019-12-16 02:42:29'),
(42, 29, 21, 26, 81, '2019-12-16 02:42:29', '2019-12-16 02:42:29'),
(43, 3, 24, 17, 98, '2019-12-16 02:42:29', '2019-12-16 02:42:29'),
(44, 44, 17, 33, 60, '2019-12-16 02:42:29', '2019-12-16 02:42:29'),
(45, 43, 39, 35, 86, '2019-12-16 02:42:29', '2019-12-16 02:42:29'),
(46, 32, 12, 5, 56, '2019-12-16 02:42:29', '2019-12-16 02:42:29'),
(47, 20, 15, 22, 50, '2019-12-16 02:42:29', '2019-12-16 02:42:29'),
(48, 11, 45, 39, 84, '2019-12-16 02:42:29', '2019-12-16 02:42:29'),
(49, 13, 39, 35, 63, '2019-12-16 02:42:29', '2019-12-16 02:42:29'),
(50, 33, 15, 3, 56, '2019-12-16 02:42:29', '2019-12-16 02:42:29');

--
-- Indexes for dumped tables
--

--
-- Indexes for table `categories`
--
ALTER TABLE `categories`
  ADD PRIMARY KEY (`id`);

--
-- Indexes for table `countries`
--
ALTER TABLE `countries`
  ADD PRIMARY KEY (`id`);

--
-- Indexes for table `courses`
--
ALTER TABLE `courses`
  ADD PRIMARY KEY (`id`);

--
-- Indexes for table `exercises`
--
ALTER TABLE `exercises`
  ADD PRIMARY KEY (`id`),
  ADD KEY `exercises_course_id_foreign` (`course_id`),
  ADD KEY `exercises_category_id_foreign` (`category_id`);

--
-- Indexes for table `migrations`
--
ALTER TABLE `migrations`
  ADD PRIMARY KEY (`id`);

--
-- Indexes for table `password_resets`
--
ALTER TABLE `password_resets`
  ADD KEY `password_resets_email_index` (`email`);

--
-- Indexes for table `sessions`
--
ALTER TABLE `sessions`
  ADD PRIMARY KEY (`id`);

--
-- Indexes for table `session_exercises`
--
ALTER TABLE `session_exercises`
  ADD PRIMARY KEY (`id`),
  ADD KEY `session_exercises_session_id_foreign` (`session_id`),
  ADD KEY `session_exercises_exercise_id_foreign` (`exercise_id`);

--
-- Indexes for table `session_users`
--
ALTER TABLE `session_users`
  ADD PRIMARY KEY (`id`),
  ADD KEY `session_users_user_id_foreign` (`user_id`),
  ADD KEY `session_users_session_id_foreign` (`session_id`);

--
-- Indexes for table `users`
--
ALTER TABLE `users`
  ADD PRIMARY KEY (`id`),
  ADD UNIQUE KEY `users_email_unique` (`email`),
  ADD KEY `users_country_id_foreign` (`country_id`);

--
-- Indexes for table `user_exercise_scores`
--
ALTER TABLE `user_exercise_scores`
  ADD PRIMARY KEY (`id`),
  ADD KEY `user_exercise_scores_user_id_foreign` (`user_id`),
  ADD KEY `user_exercise_scores_session_id_foreign` (`session_id`),
  ADD KEY `user_exercise_scores_exercise_id_foreign` (`exercise_id`);

--
-- AUTO_INCREMENT for dumped tables
--

--
-- AUTO_INCREMENT for table `categories`
--
ALTER TABLE `categories`
  MODIFY `id` int(10) UNSIGNED NOT NULL AUTO_INCREMENT, AUTO_INCREMENT=51;
--
-- AUTO_INCREMENT for table `countries`
--
ALTER TABLE `countries`
  MODIFY `id` int(10) UNSIGNED NOT NULL AUTO_INCREMENT, AUTO_INCREMENT=51;
--
-- AUTO_INCREMENT for table `courses`
--
ALTER TABLE `courses`
  MODIFY `id` int(10) UNSIGNED NOT NULL AUTO_INCREMENT, AUTO_INCREMENT=51;
--
-- AUTO_INCREMENT for table `exercises`
--
ALTER TABLE `exercises`
  MODIFY `id` int(10) UNSIGNED NOT NULL AUTO_INCREMENT, AUTO_INCREMENT=51;
--
-- AUTO_INCREMENT for table `migrations`
--
ALTER TABLE `migrations`
  MODIFY `id` int(10) UNSIGNED NOT NULL AUTO_INCREMENT, AUTO_INCREMENT=16;
--
-- AUTO_INCREMENT for table `sessions`
--
ALTER TABLE `sessions`
  MODIFY `id` int(10) UNSIGNED NOT NULL AUTO_INCREMENT, AUTO_INCREMENT=51;
--
-- AUTO_INCREMENT for table `session_exercises`
--
ALTER TABLE `session_exercises`
  MODIFY `id` int(10) UNSIGNED NOT NULL AUTO_INCREMENT, AUTO_INCREMENT=51;
--
-- AUTO_INCREMENT for table `session_users`
--
ALTER TABLE `session_users`
  MODIFY `id` int(10) UNSIGNED NOT NULL AUTO_INCREMENT, AUTO_INCREMENT=51;
--
-- AUTO_INCREMENT for table `users`
--
ALTER TABLE `users`
  MODIFY `id` int(10) UNSIGNED NOT NULL AUTO_INCREMENT, AUTO_INCREMENT=51;
--
-- AUTO_INCREMENT for table `user_exercise_scores`
--
ALTER TABLE `user_exercise_scores`
  MODIFY `id` int(10) UNSIGNED NOT NULL AUTO_INCREMENT, AUTO_INCREMENT=51;
--
-- Constraints for dumped tables
--

--
-- Constraints for table `exercises`
--
ALTER TABLE `exercises`
  ADD CONSTRAINT `exercises_category_id_foreign` FOREIGN KEY (`category_id`) REFERENCES `categories` (`id`) ON DELETE CASCADE,
  ADD CONSTRAINT `exercises_course_id_foreign` FOREIGN KEY (`course_id`) REFERENCES `courses` (`id`) ON DELETE CASCADE;

--
-- Constraints for table `session_exercises`
--
ALTER TABLE `session_exercises`
  ADD CONSTRAINT `session_exercises_exercise_id_foreign` FOREIGN KEY (`exercise_id`) REFERENCES `exercises` (`id`) ON DELETE CASCADE,
  ADD CONSTRAINT `session_exercises_session_id_foreign` FOREIGN KEY (`session_id`) REFERENCES `sessions` (`id`) ON DELETE CASCADE;

--
-- Constraints for table `session_users`
--
ALTER TABLE `session_users`
  ADD CONSTRAINT `session_users_session_id_foreign` FOREIGN KEY (`session_id`) REFERENCES `sessions` (`id`) ON DELETE CASCADE,
  ADD CONSTRAINT `session_users_user_id_foreign` FOREIGN KEY (`user_id`) REFERENCES `users` (`id`) ON DELETE CASCADE;

--
-- Constraints for table `users`
--
ALTER TABLE `users`
  ADD CONSTRAINT `users_country_id_foreign` FOREIGN KEY (`country_id`) REFERENCES `countries` (`id`) ON DELETE CASCADE;

--
-- Constraints for table `user_exercise_scores`
--
ALTER TABLE `user_exercise_scores`
  ADD CONSTRAINT `user_exercise_scores_exercise_id_foreign` FOREIGN KEY (`exercise_id`) REFERENCES `exercises` (`id`) ON DELETE CASCADE,
  ADD CONSTRAINT `user_exercise_scores_session_id_foreign` FOREIGN KEY (`session_id`) REFERENCES `sessions` (`id`) ON DELETE CASCADE,
  ADD CONSTRAINT `user_exercise_scores_user_id_foreign` FOREIGN KEY (`user_id`) REFERENCES `users` (`id`) ON DELETE CASCADE;
COMMIT;

/*!40101 SET CHARACTER_SET_CLIENT=@OLD_CHARACTER_SET_CLIENT */;
/*!40101 SET CHARACTER_SET_RESULTS=@OLD_CHARACTER_SET_RESULTS */;
/*!40101 SET COLLATION_CONNECTION=@OLD_COLLATION_CONNECTION */;
